cnt_date,feature,hitcount
2021-11-05,WLS_WATER_LICENCED_WRK_LOC_SP,51186
2021-11-06,WLS_WATER_LICENCED_WRK_LOC_SP,51186
2021-11-07,WLS_WATER_LICENCED_WRK_LOC_SP,51226
2021-11-08,WLS_WATER_LICENCED_WRK_LOC_SP,51226
2021-11-09,WLS_WATER_LICENCED_WRK_LOC_SP,51226
2021-11-10,WLS_WATER_LICENCED_WRK_LOC_SP,51226
2021-11-11,WLS_WATER_LICENCED_WRK_LOC_SP,51226
2021-11-12,WLS_WATER_LICENCED_WRK_LOC_SP,51226
2021-11-13,WLS_WATER_LICENCED_WRK_LOC_SP,51226
2021-11-14,WLS_WATER_LICENCED_WRK_LOC_SP,51226
2021-11-15,WLS_WATER_LICENCED_WRK_LOC_SP,51257
2021-11-16,WLS_WATER_LICENCED_WRK_LOC_SP,51257
2021-11-17,WLS_WATER_LICENCED_WRK_LOC_SP,51257
2021-11-19,WLS_WATER_LICENCED_WRK_LOC_SP,51257
2021-11-20,WLS_WATER_LICENCED_WRK_LOC_SP,51257
2021-11-21,WLS_WATER_LICENCED_WRK_LOC_SP,51257
2021-11-22,WLS_WATER_LICENCED_WRK_LOC_SP,51257
2021-11-23,WLS_WATER_LICENCED_WRK_LOC_SP,51257
2021-11-24,WLS_WATER_LICENCED_WRK_LOC_SP,51257
2021-11-25,WLS_WATER_LICENCED_WRK_LOC_SP,51292
2021-11-26,WLS_WATER_LICENCED_WRK_LOC_SP,51292
2021-11-27,WLS_WATER_LICENCED_WRK_LOC_SP,51292
2021-11-28,WLS_WATER_LICENCED_WRK_LOC_SP,51292
2021-11-29,WLS_WATER_LICENCED_WRK_LOC_SP,51292
2021-11-30,WLS_WATER_LICENCED_WRK_LOC_SP,51329
2021-12-01,WLS_WATER_LICENCED_WRK_LOC_SP,51338
2021-12-02,WLS_WATER_LICENCED_WRK_LOC_SP,51338
2021-12-03,WLS_WATER_LICENCED_WRK_LOC_SP,51355
2021-12-04,WLS_WATER_LICENCED_WRK_LOC_SP,51362
2021-12-05,WLS_WATER_LICENCED_WRK_LOC_SP,51362
2021-12-06,WLS_WATER_LICENCED_WRK_LOC_SP,51362
2021-12-07,WLS_WATER_LICENCED_WRK_LOC_SP,51362
2021-12-08,WLS_WATER_LICENCED_WRK_LOC_SP,51361
2021-12-09,WLS_WATER_LICENCED_WRK_LOC_SP,51361
2021-12-10,WLS_WATER_LICENCED_WRK_LOC_SP,51361
2021-12-11,WLS_WATER_LICENCED_WRK_LOC_SP,51361
2021-12-12,WLS_WATER_LICENCED_WRK_LOC_SP,51361
2021-12-13,WLS_WATER_LICENCED_WRK_LOC_SP,51361
2021-12-14,WLS_WATER_LICENCED_WRK_LOC_SP,51364
2021-12-15,WLS_WATER_LICENCED_WRK_LOC_SP,51364
2021-12-16,WLS_WATER_LICENCED_WRK_LOC_SP,51365
2021-12-17,WLS_WATER_LICENCED_WRK_LOC_SP,51367
2021-12-18,WLS_WATER_LICENCED_WRK_LOC_SP,51367
2021-12-19,WLS_WATER_LICENCED_WRK_LOC_SP,51367
2021-12-20,WLS_WATER_LICENCED_WRK_LOC_SP,51367
2021-12-21,WLS_WATER_LICENCED_WRK_LOC_SP,51367
2021-12-22,WLS_WATER_LICENCED_WRK_LOC_SP,51368
2021-12-23,WLS_WATER_LICENCED_WRK_LOC_SP,51368
2021-12-24,WLS_WATER_LICENCED_WRK_LOC_SP,51368
2021-12-25,WLS_WATER_LICENCED_WRK_LOC_SP,51370
2021-12-26,WLS_WATER_LICENCED_WRK_LOC_SP,51370
2021-12-27,WLS_WATER_LICENCED_WRK_LOC_SP,51373
2021-12-28,WLS_WATER_LICENCED_WRK_LOC_SP,51373
2021-12-29,WLS_WATER_LICENCED_WRK_LOC_SP,51373
2021-12-30,WLS_WATER_LICENCED_WRK_LOC_SP,51373
2021-12-31,WLS_WATER_LICENCED_WRK_LOC_SP,51375
2022-01-01,WLS_WATER_LICENCED_WRK_LOC_SP,51375
2022-01-02,WLS_WATER_LICENCED_WRK_LOC_SP,51375
2022-01-03,WLS_WATER_LICENCED_WRK_LOC_SP,51375
2022-01-04,WLS_WATER_LICENCED_WRK_LOC_SP,51375
2022-01-05,WLS_WATER_LICENCED_WRK_LOC_SP,51375
2022-01-06,WLS_WATER_LICENCED_WRK_LOC_SP,51375
2022-01-07,WLS_WATER_LICENCED_WRK_LOC_SP,51375
2022-01-08,WLS_WATER_LICENCED_WRK_LOC_SP,51390
2022-01-09,WLS_WATER_LICENCED_WRK_LOC_SP,51390
2022-01-10,WLS_WATER_LICENCED_WRK_LOC_SP,51390
2022-01-11,WLS_WATER_LICENCED_WRK_LOC_SP,51392
2022-01-12,WLS_WATER_LICENCED_WRK_LOC_SP,51396
2022-01-13,WLS_WATER_LICENCED_WRK_LOC_SP,51396
2022-01-14,WLS_WATER_LICENCED_WRK_LOC_SP,51397
2022-01-15,WLS_WATER_LICENCED_WRK_LOC_SP,51397
2022-01-16,WLS_WATER_LICENCED_WRK_LOC_SP,51397
2022-01-17,WLS_WATER_LICENCED_WRK_LOC_SP,51397
2022-01-18,WLS_WATER_LICENCED_WRK_LOC_SP,51397
2022-01-19,WLS_WATER_LICENCED_WRK_LOC_SP,51397
2022-01-20,WLS_WATER_LICENCED_WRK_LOC_SP,51399
2022-01-21,WLS_WATER_LICENCED_WRK_LOC_SP,51400
2022-01-22,WLS_WATER_LICENCED_WRK_LOC_SP,51400
2022-01-23,WLS_WATER_LICENCED_WRK_LOC_SP,51400
2022-01-24,WLS_WATER_LICENCED_WRK_LOC_SP,51400
2022-01-25,WLS_WATER_LICENCED_WRK_LOC_SP,51403
2022-01-26,WLS_WATER_LICENCED_WRK_LOC_SP,51409
2022-01-27,WLS_WATER_LICENCED_WRK_LOC_SP,51413
2022-01-28,WLS_WATER_LICENCED_WRK_LOC_SP,51414
2022-01-29,WLS_WATER_LICENCED_WRK_LOC_SP,51414
2022-01-30,WLS_WATER_LICENCED_WRK_LOC_SP,51414
2022-01-31,WLS_WATER_LICENCED_WRK_LOC_SP,51414
2022-02-01,WLS_WATER_LICENCED_WRK_LOC_SP,51414
2022-02-02,WLS_WATER_LICENCED_WRK_LOC_SP,51414
2022-02-03,WLS_WATER_LICENCED_WRK_LOC_SP,51415
2022-02-04,WLS_WATER_LICENCED_WRK_LOC_SP,51415
2022-02-05,WLS_WATER_LICENCED_WRK_LOC_SP,51415
2022-02-06,WLS_WATER_LICENCED_WRK_LOC_SP,51415
2022-02-07,WLS_WATER_LICENCED_WRK_LOC_SP,51415
2022-02-08,WLS_WATER_LICENCED_WRK_LOC_SP,51415
2022-02-09,WLS_WATER_LICENCED_WRK_LOC_SP,51451
2022-02-10,WLS_WATER_LICENCED_WRK_LOC_SP,51460
2022-02-11,WLS_WATER_LICENCED_WRK_LOC_SP,51464
2022-02-12,WLS_WATER_LICENCED_WRK_LOC_SP,51466
2022-02-13,WLS_WATER_LICENCED_WRK_LOC_SP,51466
2022-02-14,WLS_WATER_LICENCED_WRK_LOC_SP,51466
2022-02-15,WLS_WATER_LICENCED_WRK_LOC_SP,51466
2022-02-16,WLS_WATER_LICENCED_WRK_LOC_SP,51475
2022-02-17,WLS_WATER_LICENCED_WRK_LOC_SP,51477
2022-02-18,WLS_WATER_LICENCED_WRK_LOC_SP,51478
2022-02-19,WLS_WATER_LICENCED_WRK_LOC_SP,51487
2022-02-20,WLS_WATER_LICENCED_WRK_LOC_SP,51487
2022-02-21,WLS_WATER_LICENCED_WRK_LOC_SP,51487
2022-02-22,WLS_WATER_LICENCED_WRK_LOC_SP,51487
2022-02-23,WLS_WATER_LICENCED_WRK_LOC_SP,51498
2022-02-24,WLS_WATER_LICENCED_WRK_LOC_SP,51514
2022-02-25,WLS_WATER_LICENCED_WRK_LOC_SP,51516
2022-02-26,WLS_WATER_LICENCED_WRK_LOC_SP,51524
2022-02-28,WLS_WATER_LICENCED_WRK_LOC_SP,51524
2022-03-01,WLS_WATER_LICENCED_WRK_LOC_SP,51524
2022-03-02,WLS_WATER_LICENCED_WRK_LOC_SP,51526
2022-03-03,WLS_WATER_LICENCED_WRK_LOC_SP,51527
2022-03-04,WLS_WATER_LICENCED_WRK_LOC_SP,51533
2022-03-05,WLS_WATER_LICENCED_WRK_LOC_SP,51533
2022-03-06,WLS_WATER_LICENCED_WRK_LOC_SP,51533
2022-03-07,WLS_WATER_LICENCED_WRK_LOC_SP,51533
2022-03-08,WLS_WATER_LICENCED_WRK_LOC_SP,51533
2022-03-09,WLS_WATER_LICENCED_WRK_LOC_SP,51533
2022-03-10,WLS_WATER_LICENCED_WRK_LOC_SP,51549
2022-03-11,WLS_WATER_LICENCED_WRK_LOC_SP,51548
2022-03-12,WLS_WATER_LICENCED_WRK_LOC_SP,51549
2022-03-13,WLS_WATER_LICENCED_WRK_LOC_SP,51549
2022-03-14,WLS_WATER_LICENCED_WRK_LOC_SP,51549
2022-03-15,WLS_WATER_LICENCED_WRK_LOC_SP,51549
2022-03-16,WLS_WATER_LICENCED_WRK_LOC_SP,51549
2022-03-18,WLS_WATER_LICENCED_WRK_LOC_SP,51549
2022-03-19,WLS_WATER_LICENCED_WRK_LOC_SP,51549
2022-03-20,WLS_WATER_LICENCED_WRK_LOC_SP,51549
2022-03-21,WLS_WATER_LICENCED_WRK_LOC_SP,51558
2022-03-22,WLS_WATER_LICENCED_WRK_LOC_SP,51558
2022-03-23,WLS_WATER_LICENCED_WRK_LOC_SP,51558
2022-03-24,WLS_WATER_LICENCED_WRK_LOC_SP,51579
2022-03-25,WLS_WATER_LICENCED_WRK_LOC_SP,51587
2022-03-26,WLS_WATER_LICENCED_WRK_LOC_SP,51591
2022-03-27,WLS_WATER_LICENCED_WRK_LOC_SP,51591
2022-03-28,WLS_WATER_LICENCED_WRK_LOC_SP,51591
2022-03-29,WLS_WATER_LICENCED_WRK_LOC_SP,51594
2022-03-30,WLS_WATER_LICENCED_WRK_LOC_SP,51594
2022-03-31,WLS_WATER_LICENCED_WRK_LOC_SP,51612
2022-04-02,WLS_WATER_LICENCED_WRK_LOC_SP,51615
2022-04-03,WLS_WATER_LICENCED_WRK_LOC_SP,51615
2022-04-04,WLS_WATER_LICENCED_WRK_LOC_SP,51615
2022-04-05,WLS_WATER_LICENCED_WRK_LOC_SP,51615
2022-04-06,WLS_WATER_LICENCED_WRK_LOC_SP,51619
2022-04-07,WLS_WATER_LICENCED_WRK_LOC_SP,51619
2022-04-08,WLS_WATER_LICENCED_WRK_LOC_SP,51620
2022-04-09,WLS_WATER_LICENCED_WRK_LOC_SP,51620
2022-04-10,WLS_WATER_LICENCED_WRK_LOC_SP,51620
2022-04-11,WLS_WATER_LICENCED_WRK_LOC_SP,51620
2022-04-12,WLS_WATER_LICENCED_WRK_LOC_SP,51620
2022-04-13,WLS_WATER_LICENCED_WRK_LOC_SP,51633
2022-04-14,WLS_WATER_LICENCED_WRK_LOC_SP,51634
2022-04-15,WLS_WATER_LICENCED_WRK_LOC_SP,51634
2022-04-16,WLS_WATER_LICENCED_WRK_LOC_SP,51634
2022-04-17,WLS_WATER_LICENCED_WRK_LOC_SP,51634
2022-04-18,WLS_WATER_LICENCED_WRK_LOC_SP,51634
2022-04-19,WLS_WATER_LICENCED_WRK_LOC_SP,51634
2022-04-20,WLS_WATER_LICENCED_WRK_LOC_SP,51645
2022-04-21,WLS_WATER_LICENCED_WRK_LOC_SP,51645
2022-04-22,WLS_WATER_LICENCED_WRK_LOC_SP,51656
2022-04-23,WLS_WATER_LICENCED_WRK_LOC_SP,51662
2022-04-24,WLS_WATER_LICENCED_WRK_LOC_SP,51662
2022-04-25,WLS_WATER_LICENCED_WRK_LOC_SP,51662
2022-04-26,WLS_WATER_LICENCED_WRK_LOC_SP,51659
2022-04-27,WLS_WATER_LICENCED_WRK_LOC_SP,51658
2022-04-28,WLS_WATER_LICENCED_WRK_LOC_SP,51659
2022-04-29,WLS_WATER_LICENCED_WRK_LOC_SP,51659
2022-04-30,WLS_WATER_LICENCED_WRK_LOC_SP,51663
2022-05-01,WLS_WATER_LICENCED_WRK_LOC_SP,51663
2022-05-02,WLS_WATER_LICENCED_WRK_LOC_SP,51663
2022-05-03,WLS_WATER_LICENCED_WRK_LOC_SP,51668
2022-05-04,WLS_WATER_LICENCED_WRK_LOC_SP,51704
2022-05-05,WLS_WATER_LICENCED_WRK_LOC_SP,51728
2022-05-10,WLS_WATER_LICENCED_WRK_LOC_SP,51759
2022-05-11,WLS_WATER_LICENCED_WRK_LOC_SP,51759
2022-05-12,WLS_WATER_LICENCED_WRK_LOC_SP,51759
2022-05-13,WLS_WATER_LICENCED_WRK_LOC_SP,51759
2022-05-14,WLS_WATER_LICENCED_WRK_LOC_SP,51770
2022-05-15,WLS_WATER_LICENCED_WRK_LOC_SP,51770
2022-05-16,WLS_WATER_LICENCED_WRK_LOC_SP,51770
2022-05-17,WLS_WATER_LICENCED_WRK_LOC_SP,51785
2022-05-18,WLS_WATER_LICENCED_WRK_LOC_SP,51785
2022-05-19,WLS_WATER_LICENCED_WRK_LOC_SP,51793
2022-05-20,WLS_WATER_LICENCED_WRK_LOC_SP,51802
2022-05-21,WLS_WATER_LICENCED_WRK_LOC_SP,51816
2022-05-22,WLS_WATER_LICENCED_WRK_LOC_SP,51816
2022-05-23,WLS_WATER_LICENCED_WRK_LOC_SP,51823
2022-05-24,WLS_WATER_LICENCED_WRK_LOC_SP,51823
2022-05-25,WLS_WATER_LICENCED_WRK_LOC_SP,51828
2022-05-26,WLS_WATER_LICENCED_WRK_LOC_SP,51832
2022-05-27,WLS_WATER_LICENCED_WRK_LOC_SP,51833
2022-05-28,WLS_WATER_LICENCED_WRK_LOC_SP,51835
2022-05-29,WLS_WATER_LICENCED_WRK_LOC_SP,51835
2022-05-30,WLS_WATER_LICENCED_WRK_LOC_SP,51835
2022-05-31,WLS_WATER_LICENCED_WRK_LOC_SP,51835
2022-06-01,WLS_WATER_LICENCED_WRK_LOC_SP,51835
2022-06-02,WLS_WATER_LICENCED_WRK_LOC_SP,51858
2022-06-03,WLS_WATER_LICENCED_WRK_LOC_SP,51863
2022-06-04,WLS_WATER_LICENCED_WRK_LOC_SP,51863
2022-06-05,WLS_WATER_LICENCED_WRK_LOC_SP,51863
2022-06-06,WLS_WATER_LICENCED_WRK_LOC_SP,51863
2022-06-07,WLS_WATER_LICENCED_WRK_LOC_SP,51877
2022-06-08,WLS_WATER_LICENCED_WRK_LOC_SP,51877
2022-06-09,WLS_WATER_LICENCED_WRK_LOC_SP,51884
2022-06-10,WLS_WATER_LICENCED_WRK_LOC_SP,51884
2022-06-11,WLS_WATER_LICENCED_WRK_LOC_SP,51888
2022-06-12,WLS_WATER_LICENCED_WRK_LOC_SP,51888
2022-06-13,WLS_WATER_LICENCED_WRK_LOC_SP,51888
2022-06-14,WLS_WATER_LICENCED_WRK_LOC_SP,51888
2022-06-15,WLS_WATER_LICENCED_WRK_LOC_SP,51889
2022-06-16,WLS_WATER_LICENCED_WRK_LOC_SP,51889
2022-06-17,WLS_WATER_LICENCED_WRK_LOC_SP,51891
2022-06-18,WLS_WATER_LICENCED_WRK_LOC_SP,51891
2022-06-19,WLS_WATER_LICENCED_WRK_LOC_SP,51891
2022-06-20,WLS_WATER_LICENCED_WRK_LOC_SP,51891
2022-06-21,WLS_WATER_LICENCED_WRK_LOC_SP,51891
2022-06-22,WLS_WATER_LICENCED_WRK_LOC_SP,51891
2022-06-23,WLS_WATER_LICENCED_WRK_LOC_SP,51894
2022-06-24,WLS_WATER_LICENCED_WRK_LOC_SP,51894
2022-06-25,WLS_WATER_LICENCED_WRK_LOC_SP,51894
2022-06-26,WLS_WATER_LICENCED_WRK_LOC_SP,51894
2022-06-27,WLS_WATER_LICENCED_WRK_LOC_SP,51894
2022-06-28,WLS_WATER_LICENCED_WRK_LOC_SP,51894
2022-06-29,WLS_WATER_LICENCED_WRK_LOC_SP,51894
2022-06-30,WLS_WATER_LICENCED_WRK_LOC_SP,51900
2022-07-01,WLS_WATER_LICENCED_WRK_LOC_SP,51900
2022-07-02,WLS_WATER_LICENCED_WRK_LOC_SP,51900
2022-07-03,WLS_WATER_LICENCED_WRK_LOC_SP,51900
2022-07-04,WLS_WATER_LICENCED_WRK_LOC_SP,51900
2022-07-05,WLS_WATER_LICENCED_WRK_LOC_SP,51900
2022-07-06,WLS_WATER_LICENCED_WRK_LOC_SP,51901
2022-07-07,WLS_WATER_LICENCED_WRK_LOC_SP,51906
2022-07-08,WLS_WATER_LICENCED_WRK_LOC_SP,51914
2022-07-09,WLS_WATER_LICENCED_WRK_LOC_SP,51920
2022-07-10,WLS_WATER_LICENCED_WRK_LOC_SP,51920
2022-07-11,WLS_WATER_LICENCED_WRK_LOC_SP,51920
2022-07-12,WLS_WATER_LICENCED_WRK_LOC_SP,51920
2022-07-13,WLS_WATER_LICENCED_WRK_LOC_SP,51931
2022-07-14,WLS_WATER_LICENCED_WRK_LOC_SP,51933
2022-07-15,WLS_WATER_LICENCED_WRK_LOC_SP,51936
2022-07-16,WLS_WATER_LICENCED_WRK_LOC_SP,51946
2022-07-17,WLS_WATER_LICENCED_WRK_LOC_SP,51946
2022-07-18,WLS_WATER_LICENCED_WRK_LOC_SP,51947
2022-07-19,WLS_WATER_LICENCED_WRK_LOC_SP,51947
2022-07-20,WLS_WATER_LICENCED_WRK_LOC_SP,51951
2022-07-21,WLS_WATER_LICENCED_WRK_LOC_SP,51957
2022-07-22,WLS_WATER_LICENCED_WRK_LOC_SP,51959
2022-07-23,WLS_WATER_LICENCED_WRK_LOC_SP,51962
2022-07-24,WLS_WATER_LICENCED_WRK_LOC_SP,51962
2022-07-25,WLS_WATER_LICENCED_WRK_LOC_SP,51962
2022-07-26,WLS_WATER_LICENCED_WRK_LOC_SP,51962
2022-07-27,WLS_WATER_LICENCED_WRK_LOC_SP,51967
2022-07-28,WLS_WATER_LICENCED_WRK_LOC_SP,51978
2022-07-29,WLS_WATER_LICENCED_WRK_LOC_SP,51984
2022-07-30,WLS_WATER_LICENCED_WRK_LOC_SP,51994
2022-07-31,WLS_WATER_LICENCED_WRK_LOC_SP,51994
2022-08-01,WLS_WATER_LICENCED_WRK_LOC_SP,51994
2022-08-02,WLS_WATER_LICENCED_WRK_LOC_SP,51994
2022-08-03,WLS_WATER_LICENCED_WRK_LOC_SP,52011
2022-08-04,WLS_WATER_LICENCED_WRK_LOC_SP,52011
2022-08-05,WLS_WATER_LICENCED_WRK_LOC_SP,52011
2022-08-06,WLS_WATER_LICENCED_WRK_LOC_SP,52011
2022-08-07,WLS_WATER_LICENCED_WRK_LOC_SP,52011
2022-08-08,WLS_WATER_LICENCED_WRK_LOC_SP,52011
2022-08-09,WLS_WATER_LICENCED_WRK_LOC_SP,52012
2022-08-10,WLS_WATER_LICENCED_WRK_LOC_SP,52014
2022-08-11,WLS_WATER_LICENCED_WRK_LOC_SP,52014
2022-08-12,WLS_WATER_LICENCED_WRK_LOC_SP,52066
2022-08-13,WLS_WATER_LICENCED_WRK_LOC_SP,52066
2022-08-14,WLS_WATER_LICENCED_WRK_LOC_SP,52066
2022-08-15,WLS_WATER_LICENCED_WRK_LOC_SP,52066
2022-08-16,WLS_WATER_LICENCED_WRK_LOC_SP,52069
2022-08-17,WLS_WATER_LICENCED_WRK_LOC_SP,52069
2022-08-18,WLS_WATER_LICENCED_WRK_LOC_SP,52071
2022-08-19,WLS_WATER_LICENCED_WRK_LOC_SP,52071
2022-08-20,WLS_WATER_LICENCED_WRK_LOC_SP,52071
2022-08-21,WLS_WATER_LICENCED_WRK_LOC_SP,52071
2022-08-22,WLS_WATER_LICENCED_WRK_LOC_SP,52071
2022-08-23,WLS_WATER_LICENCED_WRK_LOC_SP,52071
2022-08-24,WLS_WATER_LICENCED_WRK_LOC_SP,52071
2022-08-25,WLS_WATER_LICENCED_WRK_LOC_SP,52071
2022-08-26,WLS_WATER_LICENCED_WRK_LOC_SP,52071
2022-08-27,WLS_WATER_LICENCED_WRK_LOC_SP,52071
2022-08-28,WLS_WATER_LICENCED_WRK_LOC_SP,52071
2022-08-29,WLS_WATER_LICENCED_WRK_LOC_SP,52071
2022-08-30,WLS_WATER_LICENCED_WRK_LOC_SP,52071
2022-08-31,WLS_WATER_LICENCED_WRK_LOC_SP,52071
2022-09-01,WLS_WATER_LICENCED_WRK_LOC_SP,52071
2022-09-02,WLS_WATER_LICENCED_WRK_LOC_SP,52071
2022-09-03,WLS_WATER_LICENCED_WRK_LOC_SP,52071
2022-09-04,WLS_WATER_LICENCED_WRK_LOC_SP,52071
2022-09-05,WLS_WATER_LICENCED_WRK_LOC_SP,52071
2022-09-06,WLS_WATER_LICENCED_WRK_LOC_SP,52072
2022-09-07,WLS_WATER_LICENCED_WRK_LOC_SP,52072
2022-09-08,WLS_WATER_LICENCED_WRK_LOC_SP,52072
2022-09-09,WLS_WATER_LICENCED_WRK_LOC_SP,52072
2022-09-10,WLS_WATER_LICENCED_WRK_LOC_SP,52072
2022-09-11,WLS_WATER_LICENCED_WRK_LOC_SP,52072
2022-09-12,WLS_WATER_LICENCED_WRK_LOC_SP,52072
2022-09-13,WLS_WATER_LICENCED_WRK_LOC_SP,52072
2022-09-14,WLS_WATER_LICENCED_WRK_LOC_SP,52072
2022-09-15,WLS_WATER_LICENCED_WRK_LOC_SP,52096
2022-09-16,WLS_WATER_LICENCED_WRK_LOC_SP,52096
2022-09-17,WLS_WATER_LICENCED_WRK_LOC_SP,52096
2022-09-18,WLS_WATER_LICENCED_WRK_LOC_SP,52096
2022-09-19,WLS_WATER_LICENCED_WRK_LOC_SP,52096
2022-09-20,WLS_WATER_LICENCED_WRK_LOC_SP,52096
2022-09-21,WLS_WATER_LICENCED_WRK_LOC_SP,52096
2022-09-22,WLS_WATER_LICENCED_WRK_LOC_SP,52098
2022-09-23,WLS_WATER_LICENCED_WRK_LOC_SP,52107
2022-09-24,WLS_WATER_LICENCED_WRK_LOC_SP,52114
2022-09-25,WLS_WATER_LICENCED_WRK_LOC_SP,52114
2022-09-26,WLS_WATER_LICENCED_WRK_LOC_SP,52114
2022-09-27,WLS_WATER_LICENCED_WRK_LOC_SP,52114
2022-09-28,WLS_WATER_LICENCED_WRK_LOC_SP,52114
2022-09-29,WLS_WATER_LICENCED_WRK_LOC_SP,52114
2022-09-30,WLS_WATER_LICENCED_WRK_LOC_SP,52114
2022-10-01,WLS_WATER_LICENCED_WRK_LOC_SP,52114
2022-10-02,WLS_WATER_LICENCED_WRK_LOC_SP,52114
2022-10-03,WLS_WATER_LICENCED_WRK_LOC_SP,52114
2022-10-04,WLS_WATER_LICENCED_WRK_LOC_SP,52114
2022-10-05,WLS_WATER_LICENCED_WRK_LOC_SP,52114
2022-10-06,WLS_WATER_LICENCED_WRK_LOC_SP,52114
2022-10-07,WLS_WATER_LICENCED_WRK_LOC_SP,52114
2022-10-08,WLS_WATER_LICENCED_WRK_LOC_SP,52114
2022-10-09,WLS_WATER_LICENCED_WRK_LOC_SP,52114
2022-10-10,WLS_WATER_LICENCED_WRK_LOC_SP,52114
2022-10-11,WLS_WATER_LICENCED_WRK_LOC_SP,52114
2022-10-12,WLS_WATER_LICENCED_WRK_LOC_SP,52114
2022-10-13,WLS_WATER_LICENCED_WRK_LOC_SP,52117
2022-10-14,WLS_WATER_LICENCED_WRK_LOC_SP,52117
2022-10-15,WLS_WATER_LICENCED_WRK_LOC_SP,52125
2022-10-16,WLS_WATER_LICENCED_WRK_LOC_SP,52125
2022-10-17,WLS_WATER_LICENCED_WRK_LOC_SP,52125
2022-10-18,WLS_WATER_LICENCED_WRK_LOC_SP,52125
2022-10-19,WLS_WATER_LICENCED_WRK_LOC_SP,52136
2022-10-20,WLS_WATER_LICENCED_WRK_LOC_SP,52146
2022-10-21,WLS_WATER_LICENCED_WRK_LOC_SP,52150
2022-10-22,WLS_WATER_LICENCED_WRK_LOC_SP,52150
2022-10-23,WLS_WATER_LICENCED_WRK_LOC_SP,52150
2022-10-24,WLS_WATER_LICENCED_WRK_LOC_SP,52150
2022-10-25,WLS_WATER_LICENCED_WRK_LOC_SP,52157
2022-10-26,WLS_WATER_LICENCED_WRK_LOC_SP,52164
2022-10-27,WLS_WATER_LICENCED_WRK_LOC_SP,52168
2022-10-28,WLS_WATER_LICENCED_WRK_LOC_SP,52164
2022-10-29,WLS_WATER_LICENCED_WRK_LOC_SP,52164
2022-10-30,WLS_WATER_LICENCED_WRK_LOC_SP,52164
2022-10-31,WLS_WATER_LICENCED_WRK_LOC_SP,52164
2022-11-01,WLS_WATER_LICENCED_WRK_LOC_SP,52164
2022-11-02,WLS_WATER_LICENCED_WRK_LOC_SP,52166
2022-11-03,WLS_WATER_LICENCED_WRK_LOC_SP,52168
2022-11-04,WLS_WATER_LICENCED_WRK_LOC_SP,52168
2022-11-05,WLS_WATER_LICENCED_WRK_LOC_SP,52168
2022-11-07,WLS_WATER_LICENCED_WRK_LOC_SP,52168
2022-11-08,WLS_WATER_LICENCED_WRK_LOC_SP,52168
2022-11-09,WLS_WATER_LICENCED_WRK_LOC_SP,52173
2022-11-10,WLS_WATER_LICENCED_WRK_LOC_SP,52182
2022-11-12,WLS_WATER_LICENCED_WRK_LOC_SP,52186
2022-11-13,WLS_WATER_LICENCED_WRK_LOC_SP,52186
2022-11-14,WLS_WATER_LICENCED_WRK_LOC_SP,52186
2022-11-16,WLS_WATER_LICENCED_WRK_LOC_SP,52204
2022-11-17,WLS_WATER_LICENCED_WRK_LOC_SP,52210
2022-11-18,WLS_WATER_LICENCED_WRK_LOC_SP,52210
2022-11-19,WLS_WATER_LICENCED_WRK_LOC_SP,52211
2022-11-20,WLS_WATER_LICENCED_WRK_LOC_SP,52211
2022-11-21,WLS_WATER_LICENCED_WRK_LOC_SP,52211
2022-11-22,WLS_WATER_LICENCED_WRK_LOC_SP,52212
2022-11-23,WLS_WATER_LICENCED_WRK_LOC_SP,52212
2022-11-24,WLS_WATER_LICENCED_WRK_LOC_SP,52247
2022-11-25,WLS_WATER_LICENCED_WRK_LOC_SP,52251
2022-11-26,WLS_WATER_LICENCED_WRK_LOC_SP,52265
2022-11-27,WLS_WATER_LICENCED_WRK_LOC_SP,52265
2022-11-28,WLS_WATER_LICENCED_WRK_LOC_SP,52265
2022-11-29,WLS_WATER_LICENCED_WRK_LOC_SP,52265
2022-11-30,WLS_WATER_LICENCED_WRK_LOC_SP,52266
2022-12-01,WLS_WATER_LICENCED_WRK_LOC_SP,52277
2022-12-05,WLS_WATER_LICENCED_WRK_LOC_SP,52284
2022-12-06,WLS_WATER_LICENCED_WRK_LOC_SP,52303
2022-12-07,WLS_WATER_LICENCED_WRK_LOC_SP,52303
2022-12-08,WLS_WATER_LICENCED_WRK_LOC_SP,52310
2022-12-09,WLS_WATER_LICENCED_WRK_LOC_SP,52325
2022-12-10,WLS_WATER_LICENCED_WRK_LOC_SP,52331
2022-12-11,WLS_WATER_LICENCED_WRK_LOC_SP,52331
2022-12-12,WLS_WATER_LICENCED_WRK_LOC_SP,52331
2022-12-13,WLS_WATER_LICENCED_WRK_LOC_SP,52332
2022-12-14,WLS_WATER_LICENCED_WRK_LOC_SP,52342
2022-12-15,WLS_WATER_LICENCED_WRK_LOC_SP,52356
2022-12-16,WLS_WATER_LICENCED_WRK_LOC_SP,52356
2022-12-17,WLS_WATER_LICENCED_WRK_LOC_SP,52356
2022-12-18,WLS_WATER_LICENCED_WRK_LOC_SP,52356
2022-12-19,WLS_WATER_LICENCED_WRK_LOC_SP,52356
2022-12-20,WLS_WATER_LICENCED_WRK_LOC_SP,52378
2022-12-21,WLS_WATER_LICENCED_WRK_LOC_SP,52401
2022-12-22,WLS_WATER_LICENCED_WRK_LOC_SP,52419
2022-12-23,WLS_WATER_LICENCED_WRK_LOC_SP,52437
2022-12-24,WLS_WATER_LICENCED_WRK_LOC_SP,52438
2022-12-25,WLS_WATER_LICENCED_WRK_LOC_SP,52438
2022-12-26,WLS_WATER_LICENCED_WRK_LOC_SP,52438
2022-12-27,WLS_WATER_LICENCED_WRK_LOC_SP,52438
2022-12-28,WLS_WATER_LICENCED_WRK_LOC_SP,52438
2022-12-29,WLS_WATER_LICENCED_WRK_LOC_SP,52438
2022-12-30,WLS_WATER_LICENCED_WRK_LOC_SP,52438
2022-12-31,WLS_WATER_LICENCED_WRK_LOC_SP,52438
2023-01-01,WLS_WATER_LICENCED_WRK_LOC_SP,52438
2023-01-02,WLS_WATER_LICENCED_WRK_LOC_SP,52438
2023-01-03,WLS_WATER_LICENCED_WRK_LOC_SP,52438
2023-01-04,WLS_WATER_LICENCED_WRK_LOC_SP,52428
2023-01-05,WLS_WATER_LICENCED_WRK_LOC_SP,52431
2023-01-06,WLS_WATER_LICENCED_WRK_LOC_SP,52431
2023-01-07,WLS_WATER_LICENCED_WRK_LOC_SP,52431
2023-01-08,WLS_WATER_LICENCED_WRK_LOC_SP,52431
2023-01-09,WLS_WATER_LICENCED_WRK_LOC_SP,52433
2023-01-10,WLS_WATER_LICENCED_WRK_LOC_SP,52432
2023-01-11,WLS_WATER_LICENCED_WRK_LOC_SP,52432
2023-01-12,WLS_WATER_LICENCED_WRK_LOC_SP,52432
2023-01-13,WLS_WATER_LICENCED_WRK_LOC_SP,52432
2023-01-14,WLS_WATER_LICENCED_WRK_LOC_SP,52433
2023-01-15,WLS_WATER_LICENCED_WRK_LOC_SP,52433
2023-01-16,WLS_WATER_LICENCED_WRK_LOC_SP,52433
2023-01-17,WLS_WATER_LICENCED_WRK_LOC_SP,52433
2023-01-18,WLS_WATER_LICENCED_WRK_LOC_SP,52436
2023-01-19,WLS_WATER_LICENCED_WRK_LOC_SP,52436
2023-01-20,WLS_WATER_LICENCED_WRK_LOC_SP,52437
2023-01-21,WLS_WATER_LICENCED_WRK_LOC_SP,52437
2023-01-22,WLS_WATER_LICENCED_WRK_LOC_SP,52437
2023-01-23,WLS_WATER_LICENCED_WRK_LOC_SP,52437
2023-01-24,WLS_WATER_LICENCED_WRK_LOC_SP,52438
2023-01-25,WLS_WATER_LICENCED_WRK_LOC_SP,52438
2023-01-26,WLS_WATER_LICENCED_WRK_LOC_SP,52475
2023-01-27,WLS_WATER_LICENCED_WRK_LOC_SP,52489
2023-01-28,WLS_WATER_LICENCED_WRK_LOC_SP,52489
2023-01-29,WLS_WATER_LICENCED_WRK_LOC_SP,52489
2023-01-30,WLS_WATER_LICENCED_WRK_LOC_SP,52489
2023-01-31,WLS_WATER_LICENCED_WRK_LOC_SP,52510
2023-02-01,WLS_WATER_LICENCED_WRK_LOC_SP,52532
2023-02-02,WLS_WATER_LICENCED_WRK_LOC_SP,52553
2023-02-03,WLS_WATER_LICENCED_WRK_LOC_SP,52555
2023-02-04,WLS_WATER_LICENCED_WRK_LOC_SP,52560
2023-02-05,WLS_WATER_LICENCED_WRK_LOC_SP,52560
